,text,embedding
0,"
{{Cookie Compliance Implementation FAQ for Websites}} 

==FAQ==
2. What is the scope for Auto-Blocking Script?      
Only cookies detected during scanning can be controlled by the OtAutoBlock script. If a cookie is not detected, a manual blocking method will be required. Article Reference: https://my.onetrust.com/s/article/UUID-c5122557-2070-65cb-2612-f2752c0cc4aa?topicId=0TO1Q000000ssJBWAY
Please refer the client side cookie implementation article for implementing a manual blocking
 
3. How do you remove Cookies After User Opt-Out :
Note that this is not required as of now for implementation. Here are some helpful links 
·      https://my.onetrust.com/s/article/UUID-b2d72003-853b-e75b-e337-c6d26ea327eb?topicId=0TO1Q000000ItVuWAKClient-Side
·      https://my.onetrust.com/s/article/UUID-29158b4e-22f6-0067-aa36-94f3b8cf3561?topicId=0TO1Q000000ssJBWAY
 
4. How to setup the data subject ID for your receipt Transaction for Logged-In User? 
·       This is currently not needed as the user will submit the anonymous interaction across all website sections. 
Refrence article:     https://developer.onetrust.com/onetrust/docs/javascript-api#set-data-subject-id
 
6. On which legislation cookie banner is compliant right now?   
·      Current compliance is based on Canada's upcoming privacy legislation CCPA (Canada's Consumer Privacy Protection Act). If the cookie banner needs to be compliant with any other legislation we need to contact legal team.
7. Website scan is stuck for very long period of time. What do I do?
If you website scanning is struck for very long, please try the following steps:
·      Stop the scan
·      Rescan the domain again with a limited number of pages (10 pages for example)
·      If this scan completes, try scanning the whole site again
·      Additionally, OneTrust does recommend certain practices to help prevent scans from becoming stuck. Please reference our Website Scanning Best Practices documentation for additional information.
Support WebEx space name: Data Privacy - Website Cookie Compliance Technical Q&A

==Other Questions==
1.    In Vendor relationship what path can be taken?
Answer- If the OneTrust scanner finds the cookies are dropped it needs to be categorized. Sometimes incognito mode blocks third-party cookies, please check all cookies. If the vendor already has a cookie banner then talk to the vendor team if we can reuse it.
2. Which OneTrust instance do you have to use in the runbook?
Answer- The prod portal link is the link you want to use in the runbook. It is an open portal for all BCE. The customer will not see this portal template will be seen by the customer which can be edited with respect to your branding needs, by approval process with Brand and Legal.
3. What Triggers the pop-up of the cookie Consent Banner?
Answer- First-time page load by the user or if the cache is cleared from the browser.
4. How often the banner is re-triggered?
Answer- If once consented probably after a year banner can be re-triggered on the website. However, this needs further discussion.
5. Does clearing cache or cookies by the customer will result in the banner reappearing again?
Answer- Yes
6. Where will the privacy policy be placed?
Answer- The privacy policy link will be placed on the preference center. The actual privacy policy document will live on the main BCE cookie policy website for all BCE organizations.
7. How can I get the access to OneTrust Knowledge base or Developer portal ?
Answer- To get access to OneTrust knowledge base or developer portal you have to create an account by clicking the 'Create Account' link. DO NOT CONTACT THE DPP TEAM.
8. How can you access the OneTrust Prod Portal?
Answer- User should have a company email ID to access the OneTrust Prod portal if the vendor doesn't have a company AD (Active Directory) credential they need to request the credentials. IT IS A MUST. Sometimes some groups might need background check to get the AD credentials which a time consuming process make sure you plan it in advance. 
9. When my website only has functional cookies do I need to show the banner?
Answer- If you think your website only has functional cookies your team still needs to scan the website and list all functional cookies. These cookies need to be reviewed with a legal team and legal team needs to agree on the categorization. It is then a joint decision between your team and the legal team whether or not to have cookie banner implemented on the website. 
10. What if you are the website subdomain team, does your team completes banner implementation exercise separately or with a main domain team?
Answer- Subdomain team needs to cooperate and contact the main domain team and
","[-0.014037888497114182, -0.004855337552726269, 0.0226514283567667, -0.026781020686030388, -0.01381982397288084, 0.016750061884522438, -0.02881174348294735, -0.008702128194272518, -0.02900254912674427, -0.020034655928611755, 0.011918576434254646, -0.023796264082193375, -0.00031687464797869325, 0.0035776172298938036, 0.0066475532948970795, 0.007693580351769924, 0.007311968132853508, -0.02194271795451641, 0.0033527384512126446, -0.04377640411257744, -0.03366367518901825, 0.0052846516482532024, -0.016177644953131676, 0.012729502283036709, -0.028975291177630424, -0.017022643238306046, 0.021765541285276413, -0.02127489633858204, -0.013451840728521347, 0.012320632115006447, 0.011168980039656162, 0.01146200392395258, -0.038106732070446014, 0.006964427884668112, 0.005243764724582434, -0.0015869287308305502, 0.006170537788420916, -0.006858803331851959, 0.017363369464874268, -0.005093845538794994, 0.020252719521522522, 0.029438678175210953, -0.017267964780330658, -0.010058214887976646, 0.003645762335509062, 0.029574967920780182, 0.012272930704057217, -0.016313934698700905, -0.020252719521522522, 0.006415860261768103, -0.004548684693872929, 0.009635715745389462, -0.015428047627210617, -0.0012146861990913749, 0.0036321331281214952, -0.007577734068036079, 0.0023884852416813374, 0.01110764965415001, 0.00807519257068634, -0.014555790461599827, 0.03461770340800285, 0.003904713550582528, -0.03761608898639679, -0.0008573504164814949, 0.004289733245968819, -0.0012581286719068885, -0.01315881684422493, 0.010214949026703835, -0.019434979185461998, -0.008484063670039177, 0.014501274563372135, -0.0033663674257695675, -0.011339343152940273, -0.002305007539689541, 0.03802495822310448, -0.016818208619952202, 0.008116080425679684, -0.021533848717808723, 0.01841280236840248, 0.0016567774582654238, -0.0010008809622377157, 0.004262475296854973, -0.025295456871390343, 0.057459939271211624, 0.007039387710392475, 0.017145304009318352, 0.013335993513464928, 0.036144156008958817, -0.0034481415059417486, 0.00019900494953617454, -0.02387803979218006, 0.002219826215878129, 0.007666322402656078, -0.01576877385377884, -0.011496076360344887, 0.03200093284249306, -0.0012572768609970808, 0.011809543706476688, -0.022705944254994392, 0.004276104271411896, 0.01661377213895321, -0.009860594756901264, -0.0320281907916069, -0.027884969487786293, -0.035898834466934204, -0.020279977470636368, 0.0029881622176617384, 0.0036832420155406, -0.010889585129916668, -0.019666671752929688, -0.008790716528892517, 0.05582445487380028, -0.015496193431317806, -0.0203890111297369, -0.0022811568342149258, 0.0009693639003671706, -0.00797978974878788, -0.014514903537929058, -0.014187807217240334, 0.002219826215878129, 0.03423609212040901, 0.022010862827301025, 0.019939253106713295, -0.007039387710392475, 0.03112867660820484, 0.003516286611557007, -0.0003047363134101033, -0.0038774556014686823, 0.018957963213324547, -0.035762540996074677, 0.007148419972509146, -0.009697046130895615, 0.017922157421708107, 0.013969742693006992, 0.002436186885461211, 0.006259126588702202, -0.020838767290115356, 0.021629251539707184, -0.01054885983467102, -0.010623819194734097, 0.02834835648536682, 0.038297541439533234, 0.003161932108923793, -0.01901247911155224, 0.011564221233129501, 0.03513560816645622, 0.002851872006431222, 0.009921925142407417, -0.0015273018507286906, -0.017949417233467102, -0.019339576363563538, 0.012974824756383896, -0.006623702589422464, 0.009519868530333042, 0.035517219454050064, 0.0062216464430093765, 0.008000233210623264, -0.014324097894132137, -0.010507972911000252, -0.017581433057785034, 0.005250579211860895, 0.037970442324876785, 0.009744747541844845, 0.016300305724143982, 0.026562955230474472, 0.01968030072748661, 0.022256186231970787, -0.03540818765759468, -0.0047667487524449825, -0.00042100888094864786, -0.005983138922601938, 0.01845368929207325, -0.015005548484623432, -0.001563078025355935, 0.004262475296854973, 0.0320281907916069, -0.012777203693985939, 0.0017232189420610666, -0.014787483960390091, 0.007025758735835552, -0.026017794385552406, -0.02066159062087536, 0.005138139706104994, 0.04993671923875809, -0.02740795537829399, -0.0005298280739225447, 0.010085472837090492, -0.0036764275282621384, 0.02886625938117504, -0.015291757881641388, 0.03499931842088699, 0.025118280202150345, -0.0025673662312328815, -0.017595062032341957, -0.6188664436340332, -0.0024770740419626236, 0.04497575759887695, -0.024654893204569817, -0.01002414245158434, 0.048328496515750885, 0.03134674206376076, 0.004650902468711138, -0.015809660777449608, 0.03235528990626335, -0.0004156850336585194, 0.009424465708434582, -0.002555440878495574, -0.009662973694503307, -0.03794318437576294, -0.010208134539425373, 0.00557767553254962, 0.019939253106713295, 0.03709818795323372, 0.01137341558933258, 0.00649763410910964, 0.015319015830755234, -0.005969509948045015, 0.01033079531043768, 0.0225015077739954, -0.005751445423811674, 0.0037922742776572704, -0.009397207759320736, 0.011945834383368492, 0.017908528447151184, -0.014896516688168049, 0.00278883776627481, 0.004865559283643961, 0.008245555683970451, 0.05397091060876846, -0.01254551112651825, 0.005495901219546795, -0.0032982223201543093, 0.00536642549559474, 0.024845698848366737, -0.02664472907781601, -0.008265999145805836, 0.05217187851667404, -0.00444987416267395, 0.0050597726367414, 0.0108486982062459, 0.008531765080988407, 0.014841999858617783, 0.013295106589794159, 0.007482330780476332, -0.011468818411231041, -0.008518136106431484, -0.031755611300468445, -0.012818091548979282, 0.019475866109132767, -0.005621969699859619, 0.025104651227593422, -0.01330192107707262, 0.0023118220269680023, -0.008306886069476604, -0.01137341558933258, 0.0213702991604805, -0.010085472837090492, -0.0456572100520134, -0.02179279923439026, -0.0009685120894573629, 0.00023957257508300245, 0.01407877542078495, 0.01906699500977993, 0.0006001027068123221, 0.009649344719946384, -0.004722454585134983, -0.0034345125313848257, -0.021670138463377953, -0.001719811698421836, -0.003540137317031622, 0.010821440257132053, -0.021397557109594345, 0.0036832420155406, 0.012552325613796711, 0.003911528270691633, -0.00107413693331182, 0.018985221162438393, -0.027653276920318604, -0.0006593037396669388, 0.0029302388429641724, -0.000973622954916209, -0.002565662609413266, -1.5918267308734357e-05, 0.005594711750745773, 0.007080274634063244, 0.019693929702043533, 0.0002089072804665193, -0.03336383402347565, -0.003952415194362402, 0.01878078654408455, -0.014010630548000336, 0.006173945032060146, 0.002717285417020321, -0.0006363047868944705, -0.022937636822462082, -0.0075232177041471004, -0.038624636828899384, -0.0020647961646318436, 0.03668931499123573, 0.000804112059995532, -0.0031465995125472546, -0.005039329174906015, 0.014610307291150093, -0.015591596253216267, 0.005305095110088587, 0.007339226081967354, -0.012409220449626446, -0.0018808044260367751, 0.03131948411464691, -0.024586748331785202, 0.001045175245963037, 0.01530538685619831, 0.014719339087605476, 0.0027445433661341667, 0.01620490290224552, 0.0008479804382659495, 0.00946535263210535, -0.010010513477027416, 0.018276512622833252, 0.02284223400056362, 0.015877805650234222, -0.035380929708480835, -0.009397207759320736, -0.012102567590773106, -0.025445375591516495, -0.04391269385814667, -0.0004740342847071588, 0.0015622260980308056, 0.036225929856300354, 0.027557874098420143, 0.006071727257221937, -0.015264499932527542, 0.024504974484443665, -0.020130058750510216, -0.0050154784694314, -0.011182609014213085, 0.00810245145112276, -0.029493194073438644, -0.0169953852891922, -0.02081150934100151, 0.006674811244010925, 0.012218414805829525, 0.0031704502180218697, 0.007025758735835552, 0.00419092271476984, -0.004684974905103445, 0.01356087252497673, 0.029029807075858116, -0.009867409244179726, 0.01364946085959673, -0.008204668760299683, -0.026821907609701157, 0.009955997578799725, 0.005550417583435774, 0.004746305290609598, 0.006773621775209904, 0.024709409102797508, -0.017963046208024025, -0.00041312960092909634, 0.012606841512024403, 0.00911099836230278, -0.00833414401859045, -0.021820057183504105, -0.049228012561798096, -0.011755027808248997, -0.01567337103188038, -0.006978056859225035, 0.03159206360578537, -0.005253986455500126, 0.023646345362067223, -0.028130292892456055, 0.0016806282801553607, 0.018385544419288635, -0.0022845640778541565, -8.704470383236185e-05, 0.009628901258111, -0.007911644876003265, -0.012702244333922863, 0.03093787096440792, -0.00304267811588943, 0.017731351777911186, 0.009179143235087395, -0.018331028521060944, 0.022256186231970787, -0.02019820362329483, -0.013642646372318268, 0.0006950799142941833, 0.009083740413188934, -0.009199586696922779, 0.013472284190356731, -0.00023382283688988537, 0.022760460153222084, 0.0005481420666910708, 0.0030273455195128918, 0.042822372168302536, 0.03003835491836071, 0.0488736592233181, -0.03968770056962967, 0.004129592329263687, -0.02998383902013302, 0.02603142336010933, -0.030310936272144318, 0.032218996435403824, -0.00880434550344944, 0.012954381294548512, 0.005543603096157312, 0.006047876551747322, 0.0026525475550442934, 0.0027377288788557053, -0.00014747022942174226, 0.015700628980994225, 0.014583049342036247, -0.0080956369638443, 0.024777553975582123, 0.032218996435403824, 0.005547010339796543, 0.0216973964124918, 0.0014770447742193937, -0.012443292886018753, 0.025867875665426254, 0.030910613015294075, 0.00660325912758708, 0.010705593042075634, -0.07021670043468475, -0.02188820205628872, 0.007100718095898628, -0.00901559554040432, 0.01751328818500042, -3.0718529160367325e-05, 0.022678686305880547, 0.032082706689834595, 0.011100835166871548, 0.011775471270084381, -0.011823172681033611, 0.017772238701581955, 0.03548996150493622, 0.03148303180932999, -0.0011473929043859243, 0.02226981520652771, 0.011836801655590534, 0.038679152727127075, 0.001621853094547987, -0.016409337520599365, -0.00981289241462946, 0.0051176962442696095, 0.013002082705497742, -0.031891901046037674, 0.007604992017149925, 0.023550942540168762, 0.01377212256193161, -0.0008113524527288973, 0.0006699513760395348, 0.02637214958667755, 0.020416269078850746, 0.01417417824268341, 0.016068611294031143, -0.01525087095797062, 0.003190893679857254, 0.019980140030384064, 0.008054749108850956, -0.006875839550048113, -0.00864079687744379, -0.003277778858318925, -0.016600143164396286, -0.011686882935464382, -0.001595446839928627, 0.030965128913521767, -0.010099101811647415, 0.02773505076766014, 0.005414127372205257, -0.0013245701557025313, -0.007407370954751968, 0.015128209255635738, 0.021261267364025116, -0.03668931499123573, -0.010433012619614601, 0.03131948411464691, 0.004558906424790621, -0.0032641496509313583, -0.01703627221286297, 0.0013024229556322098, -0.025745214894413948, 0.01193901989609003, 0.006327271461486816, -0.016300305724143982, 0.021779170259833336, -0.006177352275699377, -0.0010162136750295758, -0.0018245847895741463, 0.01181635819375515, 0.019285060465335846, -0.0032811861019581556, 0.004272697027772665, -0.009519868530333042, 0.03360915929079056, -0.010255835950374603, -0.025813359767198563, -0.021165864542126656, 0.02269231528043747, 0.0003709648153744638, -0.01718619093298912, -0.03802495822310448, -0.014364984817802906, -0.0281575508415699, -0.006432896479964256, -0.006415860261768103, 0.009867409244179726, -0.007611806504428387, 9.80650438577868e-05, 0.014623936265707016, -0.028130292892456055, -0.006245497148483992, 0.02645392343401909, -0.0024106325581669807, -0.008170596323907375, -0.003230077214539051, -0.00741418544203043, 0.02424602210521698, 0.04993671923875809, 0.007986604236066341, 0.010180876590311527, 0.0005988249904476106, -0.03846108913421631, -0.0025094428565353155, -0.03908802196383476, -0.02547263354063034, 0.03668931499123573, -0.0032641496509313583, -0.023087555542588234, 0.00784350000321865, 0.00490644620731473, 0.007925273850560188, 0.0255680363625288, 0.006807694211602211, 0.026522068306803703, -0.005949066020548344, 0.01110764965415001, 0.007829871028661728, -0.007134790997952223, 0.0006473783287219703, 0.008163781836628914, 0.03540818765759468, 0.02109771966934204, -0.00915869977325201, 0.021288525313138962, 0.019884737208485603, 0.00022977672051638365, -0.010344424284994602, 0.002632104093208909, 0.018808044493198395, 0.01207530964165926, 0.010766924358904362, -0.02990206517279148, 0.02010280080139637, 0.0158641766756773, 0.013554058037698269, -0.010187691077589989, 0.0010468788677826524, 0.01756780408322811, 0.013792566023766994, -0.004947333596646786, -0.011073577217757702, 0.01407877542078495, -0.03704366832971573, 0.003463474102318287, 0.04445785656571388, -0.012627284973859787, -0.004773563239723444, 0.002013687277212739, -0.001500043785199523, -0.013247405178844929, 0.003482213942334056, 0.01567337103188038, -0.00654192827641964, 0.026494810357689857, 0.017486030235886574, 0.006742956582456827, -0.04871010780334473, -0.030992386862635612, -0.020634332671761513, -0.008865675888955593, -0.014160549268126488, -0.0463114008307457, -0.015359902754426003, -0.0038195322267711163, -0.03426335006952286, 0.010521601885557175, 0.02188820205628872, 0.01657288521528244, -0.028839001432061195, -0.023455539718270302, 0.026235859841108322, 0.02198360487818718, 0.03191915899515152, 0.03273690119385719, 0.023428281769156456, 0.020729735493659973, 0.020021026954054832, 0.0012479069409891963, -0.01968030072748661, -0.002132941270247102, -0.046120595186948776, 0.0075095887295901775, 0.0024225579109042883, -0.010433012619614601, -0.024259651079773903, -0.024845698848366737, 0.024736667051911354, -0.014378613792359829, 0.018712641671299934, 0.00762543547898531, 0.0049371118657290936, 0.013138373382389545, -0.0022521952632814646, -0.006064912769943476, 0.0018024375895038247, 0.02541811764240265, -0.02015731669962406, 0.008927006274461746, -0.01741788536310196, 0.002584402449429035, -0.010105916298925877, -8.960014383774251e-05, 0.002013687277212739, 0.0025724770966917276, -0.006950798910111189, 0.011148536577820778, -0.015891434624791145, -0.009485796093940735, 0.012143454514443874, -0.008654425852000713, -0.03017464466392994, 0.012293374165892601, 0.012600027024745941, 0.021779170259833336, 0.01676369085907936, 9.327359293820336e-05, -0.0013339400757104158, 0.002894462551921606, -0.040887054055929184, 0.026017794385552406, -0.004368100315332413, -0.017158932983875275, 0.004422616213560104, -0.01651836931705475, -0.008845232427120209, -0.002502628369256854, -0.001502599217928946, -0.01591869257390499, 0.004415801726281643, 0.012606841512024403, -0.016354821622371674, -0.04407624155282974, -0.0074346293695271015, -0.009308619424700737, 0.005761667154729366, -0.012136640027165413, 0.019094252958893776, -0.02434142492711544, -0.008633982390165329, 0.010705593042075634, -0.03148303180932999, 0.01160510815680027, -0.036280445754528046, -0.007877572439610958, -0.013117929920554161, -0.03131948411464691, 0.03461770340800285, 0.0225015077739954, 0.010555674321949482, -0.016177644953131676, -0.02117949351668358, -0.009601643308997154, -0.04350382462143898, -0.013526800088584423, -0.022201670333743095, 0.03418157622218132, 0.024736667051911354, 0.015359902754426003, 0.011046319268643856, -0.014310468919575214, -0.012061680667102337, 0.01459667831659317, -0.0005387720884755254, 0.01818110980093479, -0.0011226903880015016, 0.008572652004659176, -0.010296722874045372, -0.023837152868509293, 0.013090671971440315, 0.01168006844818592, -0.0031994120217859745, 0.005444792564958334, 0.007945717312395573, -0.030147386714816093, 0.0029983839485794306, -0.013894783332943916, -0.036144156008958817, 0.02480481192469597, 0.008395475335419178, -0.015278128907084465, 0.0156870000064373, -0.02810303494334221, 0.009104183875024319, 0.01887618936598301, -0.012893050909042358, 0.012981639243662357, 0.012129825539886951, 0.01605498231947422, -0.011434745974838734, 0.03704366832971573, 0.006214831955730915, -0.024409569799900055, -0.0080956369638443, -0.018140222877264023, -0.02518642507493496, 0.00040674099000170827, 0.028402872383594513, 0.01582328975200653, -0.014569420367479324, 0.002914906246587634, -0.011148536577820778, -0.0352991558611393, 0.0088997483253479, -0.009567570872604847, -0.01628667674958706, 0.0024617412127554417, 0.009056482464075089, 0.003415772458538413, -0.011100835166871548, -0.012068495154380798, -0.007911644876003265, 0.0054004983976483345, -0.022515136748552322, 0.005843441467732191, 0.012647728435695171, 0.002097165212035179, -0.036471251398324966, -0.006194388493895531, -0.012702244333922863, 0.05514300614595413, 0.03088335506618023, 0.03671657294034958, 0.03927882760763168, 0.016218531876802444, 0.006879246793687344, -0.029765775427222252, 0.003795681521296501, 0.006715698633342981, 0.029547709971666336, 0.03407254442572594, 0.021261267364025116, 0.004494168795645237, -0.019980140030384064, -0.005189248360693455, -0.03543544560670853, -0.03502657637000084, 0.03022916056215763, 0.016913611441850662, 0.017867641523480415, -0.040369149297475815, -0.02735343761742115, -0.02255602367222309, 0.01661377213895321, -0.004490761552006006, -0.003928564488887787, -0.02034812420606613, -0.007891201414167881, -0.02430053800344467, 0.0076390644535422325, -0.009213215671479702, -0.002310118405148387, 0.008456805720925331, 0.014255952090024948, -0.017363369464874268, -7.660998380742967e-05, -0.02386441081762314, -0.005342574790120125, -0.005056365393102169, 0.007536846678704023, 0.009260917082428932, -0.008770273067057133, 0.019285060465335846, 0.03554447740316391, -0.009478981606662273, -0.02612682618200779, 0.009097369387745857, 0.024164248257875443, 0.021901831030845642, 0.0027053600642830133, -0.002378263510763645, -0.014119662344455719, 0.001523894490674138, 0.0007474664598703384, -0.005260800942778587, 0.004541870206594467, -0.01818110980093479, -0.008961078710854053, 0.04085979610681534, 0.024423200637102127, -0.028566421940922737, -0.020607074722647667, 0.006753178313374519, -0.0032232627272605896, -0.010153618641197681, -0.007284710183739662, 0.020307237282395363, -0.02042989805340767, -0.01953038200736046, 0.007495959755033255, -0.004463503137230873, 0.015032806433737278, 0.018903447315096855, 0.023182958364486694, -0.006361343897879124, 0.01643659546971321, -0.022474249824881554, 0.012579583562910557, 0.013758493587374687, 0.03270964324474335, -0.011714140884578228, -0.009737933054566383, -0.015836918726563454, -0.03341834992170334, 0.016750061884522438, 0.007809427101165056, -0.026440294459462166, -0.021315783262252808, 0.004947333596646786, -0.00042846225551329553, 0.008320515044033527, -0.003979673143476248, -0.00784350000321865, 0.028593679890036583, -0.0013305328320711851, 0.031428515911102295, -0.0024464086163789034, 0.003959229681640863, -0.02932964637875557, -0.011339343152940273, 0.006817915942519903, -0.00024745185510255396, -0.005526566877961159, 0.0015571152325719595, 0.016886353492736816, 0.0017922158585861325, -0.021724654361605644, -0.025445375591516495, -0.003144895890727639, 0.000923365936614573, -0.013002082705497742, -0.008797531016170979, -0.026917310431599617, -0.025445375591516495, -0.008572652004659176, 0.001158466562628746, -0.007257451768964529, -0.014569420367479324, 0.006139872595667839, 0.008259184658527374, -0.01747240126132965, 0.030965128913521767, -0.02791222743690014, -0.025786101818084717, -0.0147329680621624, -0.02000739797949791, -0.017336109653115273, -0.022256186231970787, -0.007100718095898628, 0.03617141395807266, 0.007693580351769924, -0.041132375597953796, -0.025949649512767792, -0.012824906036257744, -0.02518642507493496, -0.029629483819007874, -0.013554058037698269, 0.01576877385377884, 0.01991199515759945, 0.006501041352748871, 0.02532271482050419, 0.024777553975582123, -0.006926948204636574, 0.03668931499123573, -0.043013181537389755, 0.011427931487560272, -0.020934171974658966, -0.016109498217701912, 0.006136465352028608, -0.009294990450143814, -0.04323124513030052, 0.007277895230799913, 0.010971358977258205, -0.002809281228110194, 0.0009608457330614328, 0.020975058898329735, -0.001188279944472015, 0.004616829566657543, -0.005131325218826532, 0.010419383645057678, 0.0059388442896306515, -0.0003511601535137743, 0.0215202197432518, -0.014937403611838818, 0.01799030415713787, 0.013383695855736732, -0.020879654213786125, -0.011005431413650513, -0.020825138315558434, 0.015945950523018837, -0.02386441081762314, 0.015387160703539848, 0.0034123652148991823, 0.0005698633030988276, 0.006293199025094509, -0.012266116216778755, 0.018426431342959404, 0.013008897192776203, -0.005305095110088587, 0.01689998246729374, -0.00967660266906023, -0.016422966495156288, -0.028048519045114517, 0.0014744893414899707, 0.01582328975200653, -0.007134790997952223, 0.005325538571923971, -0.008559023030102253, 0.03377270698547363, 0.002029020106419921, -0.006783843506127596, -0.005621969699859619, 0.024082474410533905, -0.010051400400698185, -0.0037684233393520117, -0.045602694153785706, 0.002434483263641596, 0.012143454514443874, -0.005482272244989872, -0.0025707734748721123, -0.014187807217240334, -0.019980140030384064, 0.011284826323390007, -0.00981289241462946, 0.002938756952062249, -0.02274683117866516, 0.005196062847971916, 0.02127489633858204, -0.02081150934100151, -0.01935320533812046, 0.034208834171295166, 0.004098927136510611, 0.003473695833235979, -0.003870641114190221, 0.21969977021217346, -0.021533848717808723, -0.0084976926445961, 0.013308735564351082, -0.015019177459180355, 0.010473900474607944, 0.03540818765759468, 0.006279570050537586, -0.01643659546971321, -0.001724922563880682, 0.004490761552006006, -0.0005511234048753977, -0.01181635819375515, -0.0007585400016978383, -0.007202935870736837, -0.006923540960997343, -0.02231070213019848, -0.037643346935510635, -0.009649344719946384, 0.014364984817802906, -0.002488999394699931, 0.007741282228380442, -0.01242966391146183, -0.006484005134552717, 0.03300948068499565, 0.007257451768964529, 0.012920308858156204, 0.007250637281686068, 0.0040750764310359955, 0.0158641766756773, -0.029356904327869415, 0.010371682234108448, -0.013894783332943916, 0.019802963361144066, -0.026304004713892937, 0.0064294892363250256, 0.012565954588353634, 0.011802729219198227, -0.0014267878141254187, 0.02424602210521698, -0.02660384215414524, -0.02123400941491127, -0.007121161557734013, -0.014514903537929058, -0.02113860659301281, 0.01799030415713787, 0.00235441280528903, -0.021084090694785118, -0.01854909397661686, 0.011666439473628998, -0.024096103385090828, 0.012818091548979282, 0.019925624132156372, -0.006933762691915035, -0.016681917011737823, -0.016818208619952202, -0.016041353344917297, 0.02057981677353382, 0.0005762518849223852, 0.042495276778936386, -0.02881174348294735, 0.012586398050189018, -0.018153851851820946, 0.002996680326759815, -0.01150970533490181, 0.030147386714816093, 0.004214773885905743, -0.028457388281822205, 0.02810303494334221, -0.025499891489744186, 0.01372442115098238, -0.01485562976449728, -0.0031874864362180233, 0.011053133755922318, 0.007339226081967354, -0.015659742057323456, -0.01887618936598301, 0.026862794533371925, 0.0320281907916069, 0.009076925925910473, 0.000650785572361201, -0.003105712356045842, -0.014964661560952663, 0.01264091394841671, -0.008320515044033527, -0.022297073155641556, 0.03186464309692383, -0.03191915899515152, 0.010862327180802822, -0.0062761628068983555, -0.010460271500051022, 0.0028927589301019907, 0.00015673370216973126, -0.0018825080478563905, -0.01202760823071003, -0.00793208833783865, -8.496840746374801e-05, 0.022160783410072327, -0.006330678705126047, -0.02207900956273079, -0.025390859693288803, 0.07681314647197723, -0.012102567590773106, 0.009519868530333042, -0.027462471276521683, -0.010726036503911018, -0.04562995210289955, 0.008681684732437134, 0.00778216915205121, -0.006507855840027332, 0.01372442115098238, -0.03254609555006027, 0.014664823189377785, -0.0027598761953413486, -0.010412569157779217, 0.024395940825343132, -0.004548684693872929, -0.005833219736814499, 0.005914993584156036, -0.007911644876003265, -0.003114230465143919, -0.005874106660485268, -6.784562174289022e-06, -0.003114230465143919, -0.022542394697666168, -0.0034719922114163637, -0.02430053800344467, 0.004013745579868555, -0.0068145086988806725, -0.007604992017149925, 0.009404022246599197, -0.006129650864750147, -0.001770068658515811, 0.005799146834760904, -0.006293199025094509, -0.0111621655523777, 0.011434745974838734, -0.03461770340800285, 0.0010383607586845756, -0.007243822794407606, -0.012845349498093128, -0.016641030088067055, 0.002966014901176095, 0.002057981677353382, -0.014160549268126488, -0.04999123513698578, 0.015019177459180355, -0.0043715075589716434, -0.018862560391426086, -0.010153618641197681, -0.009308619424700737, -0.004180700983852148, 0.008409104309976101, -0.014037888497114182, 0.015986837446689606, 0.007911644876003265, 0.013492727652192116, -0.022392475977540016, -0.015128209255635738, -0.003574209986254573, -0.035244639962911606, -0.003224966349080205, 0.01689998246729374, -0.004630458541214466, -0.021084090694785118, -0.026617471128702164, -0.17303401231765747, 0.024600377306342125, 0.011755027808248997, -0.011148536577820778, 0.015973208472132683, 0.0033357020001858473, -0.011802729219198227, 0.021724654361605644, 0.005124510731548071, -0.008279628120362759, 0.023087555542588234, -0.025200054049491882, -0.036225929856300354, 0.0024225579109042883, -0.02179279923439026, -0.02829384058713913, -0.03295496478676796, 0.029493194073438644, 0.020920543000102043, -0.0044873543083667755, 0.03658028319478035, -0.03385448083281517, -0.001026435405947268, -0.013799380511045456, -0.012313817627727985, -0.014623936265707016, 0.005679893307387829, -0.015400789678096771, -0.0034719922114163637, -0.013008897192776203, -0.0062352754175662994, -0.006753178313374519, 0.011025874875485897, 0.020266348496079445, 0.001822881167754531, -0.005911586340516806, 0.0225015077739954, -0.023087555542588234, -0.003563988022506237, 0.02221529930830002, 0.02998383902013302, 0.030992386862635612, 0.00527442991733551, 0.026617471128702164, 0.013751679100096226, 0.023060297593474388, 0.011904946528375149, -0.004364693071693182, 0.010180876590311527, 0.0027070636861026287, 0.01090321410447359, 0.004378322046250105, 0.011243939399719238, 0.018371915444731712, 0.0006443969905376434, 0.016027724370360374, 0.013322364538908005, 0.009703860618174076, 0.013874339871108532, 0.02000739797949791, 0.0161912739276886, -0.02683553658425808, 0.010017327964305878, -0.007482330780476332, -0.01887618936598301, -0.03287319093942642, -0.010916843079030514, 0.032791417092084885, 0.026249488815665245, 0.01186405960470438, -0.0040341890417039394, -0.0073664840310812, 0.027271663770079613, -0.01037849672138691, 0.0061092074029147625, 0.003499250393360853, -0.0054754577577114105, -0.013152002356946468, 0.018194738775491714, 0.029356904327869415, -0.0009191068820655346, -0.001396974315866828, -0.04096882790327072, 0.007904830388724804, 0.0012606841046363115, 0.017118046060204506, 0.019748447462916374, -0.00608535623177886, 0.0046134223230183125, 0.017158932983875275, -0.018058449029922485, -0.02472303807735443, -0.012838535010814667, -0.00414322130382061, -0.007761725690215826, 0.017581433057785034, 0.013901597820222378, 0.021506590768694878, 0.0139152267947793, 0.004081890918314457, 0.0013373473193496466, -0.0028195029590278864, 0.002703656442463398, 0.0216973964124918, 0.03216448053717613, -0.01111446414142847, -0.007870757952332497, -0.010630633682012558, 0.02165650948882103, -0.00017291816766373813, -0.028702711686491966, 0.02466852217912674, 0.02645392343401909, 0.012586398050189018, -0.006279570050537586, 0.014364984817802906, 0.015019177459180355, -0.008743015117943287, 0.01609586924314499, -0.0006584519287571311, 0.02834835648536682, 0.003822939470410347, -0.01254551112651825, 0.007918459363281727, -0.013669904321432114, -0.002013687277212739, -0.09785635024309158, -0.0189307052642107, 0.008606724441051483, 0.012559140101075172, -0.0045248339883983135, -0.0027786160353571177, 0.009070111438632011, 0.019339576363563538, 0.0015273018507286906, 0.019884737208485603, -0.008375030942261219, -0.0333365760743618, -0.008681684732437134, -0.02777593769133091, -0.026331262663006783, -0.0020307237282395363, 0.005032514687627554, -0.01176865678280592, -0.0024719631765037775, 0.011993535794317722, -0.009642530232667923, -0.025349972769618034, 0.000312189687974751, -0.009826521389186382, -0.0040750764310359955, 0.0025486263912171125, -0.01850820519030094, 0.002598031423985958, -0.0028859444428235292, -0.004320398438721895, -0.02359182946383953, -0.01799030415713787, -0.004262475296854973, -0.005822998005896807, -0.0066339243203401566, -0.005645820405334234, -0.016313934698700905, -0.02000739797949791, 0.019285060465335846, -0.01304296962916851, -0.014228694140911102, 0.007557290140539408, -0.009329062886536121, -0.021915460005402565, -0.022678686305880547, -0.018344657495617867, -0.016845466569066048, 0.013703977689146996, -0.012116196565330029, -0.00045231301919557154, -0.0031159340869635344, -0.017908528447151184, -0.021438444033265114, -0.014555790461599827, 0.009751562029123306, -0.009778819978237152, -0.01089639961719513, 0.0048144506290555, -0.020320866256952286, -0.0026866202242672443, 0.003330591134727001, -0.0025775879621505737, -0.017976675182580948, 0.01860360987484455, 0.012511438690125942, 0.03818850591778755, -0.016218531876802444, -0.007911644876003265, -0.0019591713789850473, 0.005369833204895258, 0.0012998675229027867, 0.008313700556755066, -0.004899631720036268, 0.015455306507647038, -0.008661240339279175, -0.034208834171295166, -0.011693697422742844, -0.010582932271063328, 0.002373152645304799, -0.016082240268588066, -0.001071581500582397, 0.00034903062623925507, 0.019094252958893776, -0.009424465708434582, -0.006974649615585804, -0.01259321253746748, 0.016777321696281433, 0.014446758665144444, -0.011134907603263855, -0.04718365892767906, 0.02560892514884472, 0.01609586924314499, 0.01920328661799431, -0.0009668084676377475, -0.006385194603353739, 0.004310176707804203, -0.015877805650234222, 0.024736667051911354, 0.022119896486401558, 0.011189423501491547, -0.010296722874045372, -0.004671345930546522, -0.059913162142038345, 6.244858377613127e-05, -0.01520998403429985, -0.010875956155359745, 0.01247736532241106, 0.0016567774582654238, 0.003359552938491106, -0.031891901046037674, -0.0017325888620689511, 0.03475399687886238, -0.02791222743690014, 0.035517219454050064, -0.007012129761278629, 0.000923365936614573, 0.004289733245968819, 0.004398765508085489, -0.007788983639329672, -0.023128442466259003, 0.031755611300468445, 0.0005881772958673537, 0.0037343509029597044, 0.00583662698045373, 0.023646345362067223, 0.003765016095712781, 0.002971125766634941, 0.02424602210521698, -0.021642880514264107, 0.023428281769156456, 0.006828137673437595, -0.006640738807618618, 0.02575884386897087, 0.0017496251966804266, -0.011755027808248997, 0.0044089872390031815, -0.011789100244641304, -0.01676369085907936, 0.005516345147043467, 0.031619321554899216, 0.007632249966263771, 0.018331028521060944, -0.011243939399719238, -0.033963512629270554, -0.0013611981412395835, -0.025104651227593422, -0.009404022246599197, -0.0036491695791482925, -0.03734350949525833, 0.0036491695791482925, -0.00017430236039217561, -0.008627167902886868, 0.04102334380149841, 0.003976265899837017, -0.024423200637102127, -0.006323864217847586, -0.014869258739054203, -0.005713965743780136, 0.0024191506672650576, -0.015414418652653694, 0.006248904392123222, -0.03050174191594124, 0.050918009132146835, 0.004831486847251654, 0.041732050478458405, -0.01718619093298912, 0.002812688471749425, -0.0011942426208406687, -0.04519382119178772, -0.013663089834153652, 0.009301804937422276, 0.0004552943864837289, -0.022733202204108238, -0.005455014295876026, -0.007748096715658903, 0.01546893548220396, 0.017336109653115273, 0.012054866179823875, -0.01223885826766491, 0.02881174348294735, -0.016940869390964508, 0.03273690119385719, 0.004177293740212917, -0.018099335953593254, -0.02570432797074318, 0.01247736532241106, 0.007141605485230684, 0.010705593042075634, -0.0030835652723908424, 0.01887618936598301, -0.016654659062623978, 0.0042795115150511265, -0.022337960079312325, 0.009431280195713043, 0.01094410102814436, -0.0012070199009031057, -0.005918400827795267, -0.00020006972772534937, 0.012559140101075172, 0.02113860659301281, 0.02048441395163536, 0.0030069020576775074, 0.015032806433737278, 0.002626993227750063, -0.005918400827795267, -0.00012117048754589632, -0.022992152720689774, 0.04058721289038658, -0.029929323121905327, -0.022242557257413864, -0.014037888497114182, -0.006749771069735289, 0.009438094682991505, -0.024600377306342125, 0.03704366832971573, 0.023128442466259003, -0.005240357480943203, 0.023578200489282608, -0.008688499219715595, -0.0022232334595173597, -0.031755611300468445, 0.01987110823392868, -0.007754911202937365, -0.01643659546971321, 0.007966160774230957, -0.03140125796198845, 0.03126496821641922, -0.006719105876982212, 0.01841280236840248, -0.03611689805984497, 0.02698545530438423, -0.02984754927456379, 0.009220030158758163, -0.016422966495156288, 0.0032692605163902044, -0.017622319981455803, -0.012729502283036709, -0.02353731356561184, 0.004136406816542149, 0.017349738627672195, 0.01308385655283928, 0.08640797436237335, 0.04584801569581032, -0.015373531728982925, 0.003962636925280094, 0.0066714040003716946, 0.007080274634063244, 0.01766320690512657, -0.007707209326326847, -0.00593202980235219, -0.004068261943757534, 0.005376647692173719, -0.0016286675818264484, 0.008477249182760715, -0.015850547701120377, -0.014106033369898796, -0.004681567661464214, 0.00031048606615513563, -0.037179961800575256, -0.0026798055041581392, -0.016450224444270134, 0.012927123345434666, -0.038679152727127075, -0.01433772686868906, -0.009846964851021767, -0.017267964780330658, 0.0019114697352051735, 0.028702711686491966, -0.029820291325449944, -0.021724654361605644, -0.022801347076892853, 0.005639005918055773, -0.0010230281623080373, -0.02438231185078621, -0.03603512421250343, -0.015264499932527542, -0.014187807217240334, -0.009642530232667923, -0.007584548555314541, -0.0060921707190573215, 0.030856095254421234, 0.019230544567108154, 0.011857245117425919, -0.026617471128702164, -0.013192889280617237, -0.014160549268126488, -0.022092638537287712, 0.033690933138132095, -0.01459667831659317, -0.027435213327407837]"
1,"

{{Cookie Compliance Assessment Documentation for Websites}} 
==Scope==
All publicly accessible internet-facing websites are under our company code control, regardless of hosting location (cloud, on-premises, vendor premises).
Includes websites used by customers, employees, and vendors.
==Responsibilities==
Individual teams are responsible for implementing cookie banners on their respective websites.
The data Privacy team will provide a runbook and necessary licenses.
All websites within the same domain are collectively managed under one license.
For websites not under our code control, no other SharePoint portal fields need updating, but they may be scanned for cookies.
Creation of SharePoint List:
Derived from Corporate Asset Library (CAL).
==Filters applied==
Website Type: Active & Inactive (inactive sites may reactivate).
Environment: Production & Blanks (blanks assumed as production).
URL Type: All except Dev & Decommissioned.
Website Internet Facing: Yes.
Added websites from the Accessibility team not listed in CAL (add to CAL if in scope).
Exclude API, FTP, or File Transfer sites.
Completing SharePoint List Fields:
Code Control: Indicate 'Yes' if we control the code on the front-end interface/website; otherwise, indicate 'No'.
If 'No', no other fields need completion for the asset/site.
Landing Page: Select one of the following:
Landing page if you can land on the website.
Re-direct the landing page if it's a redirect to another website.
Re-direct if you cannot land on the website (pure re-direct).
Domain: Identify the top-level URL or root domain of your website.
Priority: Review the considerations below and identify the asset's priority. If 'De-scoped', justify Comments (e.g., planned decommissioning).
Team Prime (Optional): Use this field to identify team members with technical knowledge of the website.

==Prioritization Considerations==
The following items should be considered when selecting a priority:
•	The number of unique users accessing the website.
•	If the website is intended for customers or employees. Customer-facing websites should be prioritized.
•	E-commerce websites: Websites that sell products or services online typically collect more user data, such as payment information and browsing history, and should prioritize cookie compliance to ensure the privacy of their customers.
•	Websites with sensitive information: Websites that collect sensitive information, such as healthcare or financial information, should prioritize cookie compliance to protect the privacy of their users.
•	Websites with a large user base: Websites that have a large user base, such as social media platforms or news websites, should prioritize cookie compliance to ensure that the privacy of their users is protected.
•	Websites with international traffic: Websites that receive traffic from users in different countries should prioritize cookie compliance to comply with various privacy laws and regulations.
•	Websites with third-party cookies: Websites that use third-party cookies to track user behaviour should prioritize cookie compliance to ensure that their users are aware of this activity and have the option to opt out.



==Frequently asked questions==
0	How are the current high-priority sites identified?
Ans: Current high-priority sites shared for assessments are prioritized by either the Accessibility team or by privacy primes.
1	Are websites/apps hosted by a 3rd party in scope for a cookie banner ( Premises)?
2	Are websites/apps hosted in the cloud in scope for a cookie banner?
3	Are employee-facing websites in scope for a cookie banner?
	Ans to 1-3: All internet-facing websites/apps (i.e. those publicly accessible without company VPN) for which our company controls the code, are in scope for a cookie banner. This includes websites/apps hosted in the cloud, on-premises, and on vendor premises, as well as websites/apps that are used by customers, employees, and vendors. If it is available through the internet (without a company VPN connection), it is in scope, regardless of where it is hosted.
4	Who will make the changes on the websites?
	Ans: Each team will be responsible for implementing the changes on their website/app.
5	What support will the teams get to implement the changes?
	Ans: The Data Privacy Team will partner with you to create the baseline inventory, but we will not manage delivery projects within your area. As an output of our ongoing pilots, we will create a roll-out strategy and supporting material to assist you in your efforts. Each team will receive our run book as well as the licenses and credentials required. The first batch of volunteers under each VP will receive a walk-through of the runbook. Subsequent batches will receive support on critical roadblocks only.
6	Why are some of the website URLs duplicated in the baseline file?
	Ans: Your analysis of the websites should be based on the Website URL column (first column), for which all items are unique. This identifies all URLs, including those considered an ""additional URL"" in CAL. The CAL Source URL column is for reference only and is the overarching URL that the website is linked to.
7	Why are you asking for the domain if is part of the URL?
	Ans: In most cases, you will be able to identify the domain in the website URL. There are some cases, however, where the URL we have in CAL redirects to somewhere else. For example, ""abcrandomexample.com"", re-directs to ""example.ca/"". In this case, example.ca is the domain, which is not identifiable in the original URL.
8	Why are inactive sites included?
	Ans: Certain sites only become active at certain times of the year (e.g. for yearly events, seasonal events, holidays, etc.). These websites are not currently active but may be turned on at some time later in the year. If the website is internet-facing and we control the website code, a cookie banner will need to be added in time for the site to be re-activated.
9	Why are we identifying re-direct landing pages?
	Ans: Re-direct landing pages will need to be reviewed on a case-by-case basis. A few questions to consider:
	Are the cookies needed (i.e. can they be removed from the site)?
	Are the cookies all strictly necessary? If so, we can omit the cookie banner.
	Ideally, we avoid the scenario where a user needs to action on a cookie banner twice (i.e. on the re-direct landing page and then on the actual site).
10	Why are we reviewing all URL types, and not just the primary URL?
	Ans: All URL types need to be reviewed to capture all websites and unique domains. A few examples:
	A website listed as a re-direct could be a re-direct landing page with a different domain.
	An alias site could have a different domain.
	A language variation could have a different domain.","[0.006236514542251825, 1.5533425539615564e-05, 0.013802009634673595, -0.02987435832619667, 0.00011096462549176067, -0.0014276150614023209, -0.017429016530513763, -0.023547861725091934, -0.019131772220134735, -0.035522524267435074, 0.00939976330846548, -0.0071709537878632545, -0.00287426495924592, 0.017622826620936394, 0.006932152435183525, 0.007281702011823654, 0.019284050911664963, -0.032643068581819534, 0.005291692912578583, -0.030040482059121132, -0.037958987057209015, -0.009344389662146568, -0.019713200628757477, 0.0044091674499213696, -0.03887265920639038, -0.006278045475482941, -0.0021163311321288347, -0.030178917571902275, -0.010825647972524166, -0.015490921214222908, 0.007447824347764254, 0.009898130781948566, -0.020253099501132965, -0.00307845720089972, -0.0018204255029559135, 0.012722212821245193, 0.006513385567814112, 0.008306124247610569, 0.009538198821246624, -0.027257930487394333, 0.026884155347943306, 0.044327013194561005, -0.017249051481485367, -0.00865913461893797, -0.0013125406112521887, 0.012452264316380024, 0.002522985218092799, -0.01873030886054039, -0.017013709992170334, 0.014826430939137936, 0.010777195915579796, 0.01741517335176468, -0.0066102901473641396, -0.00946205947548151, 0.01242457702755928, -0.015463233925402164, 0.0018654169980436563, 0.01224461104720831, 0.00031861773459240794, 0.0024814545176923275, 0.03375054895877838, 0.02116677165031433, -0.01940864324569702, -0.002649307483807206, -0.008153844624757767, -0.003388206474483013, -0.03131408616900444, 0.012106175534427166, -0.004634125158190727, -0.009150579571723938, 0.050639670342206955, -0.004949065390974283, 0.015906227752566338, -0.0015625895466655493, 0.03967558592557907, -0.005997713655233383, -0.0013912757858633995, -0.03416585549712181, 0.03136946260929108, 0.024212351068854332, 0.012334593571722507, 0.012666839174926281, -0.03986939415335655, 0.044105518609285355, 0.019284050911664963, -0.002439923817291856, 0.012929866090416908, 0.014784900471568108, -0.0066275945864617825, 0.010514169000089169, 0.0028967608232051134, 0.003640851005911827, 0.01870262250304222, -0.004949065390974283, -0.021789731457829475, 0.016003131866455078, 0.005717381834983826, 0.023713983595371246, -0.012556090950965881, -0.005938878748565912, 0.027202555909752846, 0.007357841357588768, -0.031618643552064896, -0.021319052204489708, -0.0312587134540081, -0.015103301964700222, -0.014701839536428452, -0.012431498616933823, -0.0017806253163143992, -0.009420529007911682, -0.013601277954876423, 0.041835177689790726, -0.01850881241261959, -0.017082927748560905, 0.010444951243698597, -0.01324134599417448, -0.0017659165896475315, -0.011794695630669594, -0.007503198459744453, -0.01125479768961668, 0.011303250677883625, 0.013739713467657566, 0.002941752318292856, -0.02538905292749405, 0.025527488440275192, 0.018522655591368675, 0.015075614675879478, -0.01585085317492485, -0.006901004817336798, -0.0400908924639225, -0.0003936756693292409, -0.006911387201398611, 0.011393233202397823, 0.020350003615021706, -0.0014379976782947779, 0.019380955025553703, -0.017055241391062737, 0.032864563167095184, -0.019505547359585762, -0.027811672538518906, 0.006284967064857483, 0.03967558592557907, -0.006776412948966026, -0.013151362538337708, 0.014660309068858624, 0.018910275772213936, 0.005613555200397968, 0.012556090950965881, -0.005952721927314997, 0.005706999450922012, -0.004526837728917599, 0.006952918134629726, -0.01248687319457531, 0.00720556266605854, 0.03914953023195267, 0.01346284244209528, -0.0028725345619022846, 0.00858299434185028, 0.012666839174926281, -0.013795087113976479, -0.0031632487662136555, 0.0288776233792305, 0.012175393290817738, 0.014341907575726509, 0.02763170562684536, 0.017110615968704224, 0.02718871273100376, -0.012542246840894222, -0.006890621967613697, 0.0005784003878943622, 0.0024918371345847845, 0.009385920129716396, -0.02597048133611679, 0.013386703096330166, -0.0009179997141472995, 0.006364567670971155, -0.009545120410621166, -0.005994252860546112, -0.02260650135576725, -0.019505547359585762, -0.030040482059121132, -0.017567452043294907, -0.0030161612667143345, 0.04302572086453438, -0.033667489886283875, -0.007177875377237797, 0.01680605672299862, -0.009732008911669254, 0.0005433589685708284, -0.027908576652407646, 0.028157759457826614, 0.01594775728881359, 0.0042534274980425835, -0.017872009426355362, -0.6224055290222168, -0.007433980703353882, 0.01972704380750656, -0.027271773666143417, -0.006350724026560783, 0.029791297391057014, 0.029126808047294617, 0.008624525740742683, -0.01936711184680462, 0.036934565752744675, -0.00476217782124877, 0.0016638204688206315, -0.007745460607111454, -0.010299593210220337, -0.02448922209441662, -0.010493403300642967, -0.006506463512778282, 0.008970613591372967, 0.031147964298725128, 0.01931173726916313, -0.012258454225957394, 0.003320719115436077, 0.00145097600761801, 0.010507246479392052, 0.015352485701441765, 0.004464541561901569, 0.00499405711889267, -0.016930649057030678, -0.007738539017736912, 0.004094226751476526, -0.02004544623196125, -0.009780460968613625, 0.001835999428294599, 0.014286532998085022, 0.04969830811023712, 0.007925426587462425, -0.018910275772213936, -0.003896956564858556, 0.01544939074665308, 0.025569017976522446, -0.043690212070941925, -9.636401227908209e-05, 0.017941227182745934, 0.01328979805111885, -0.0003365710726939142, 0.020668404176831245, 0.016307689249515533, 0.02385241910815239, -0.008043096400797367, -0.019505547359585762, -0.021526703611016273, -0.02882225066423416, -0.03588245436549187, -0.0038415822200477123, 0.014646464958786964, -0.008043096400797367, 0.007530885748565197, -0.009870443493127823, -0.007350919768214226, 0.005357449874281883, -0.022149663418531418, 0.023893950507044792, -0.011898522265255451, -0.04789864644408226, -0.016418438404798508, 0.02202507108449936, 0.006586064118891954, -0.0063334195874631405, 0.011531668715178967, -0.0008466189610771835, 0.008382263593375683, 0.0004754390683956444, -0.006523767951875925, -0.014604934491217136, -0.0004183344717603177, -0.0035681724548339844, 0.032006263732910156, -0.004741412587463856, 0.0008444559061899781, 0.005997713655233383, 0.0023585930466651917, -0.0059458003379404545, 0.012479951605200768, -0.0362977609038353, 0.005814286880195141, 0.0005762373330071568, -0.00038199516711756587, 0.0033968586940318346, 0.002336097415536642, -0.008742195554077625, 0.020765310153365135, 0.01675068400800228, -0.012943710200488567, -0.03291993960738182, -0.01702755317091942, 0.012064645066857338, -0.010507246479392052, -0.002633733442053199, 0.007482433225959539, -0.019810104742646217, -0.02574898488819599, -0.002036730758845806, -0.012701448053121567, 0.0010261524002999067, 0.036131639033555984, 0.007565494626760483, -0.0031632487662136555, 0.018882587552070618, 0.01879952661693096, -0.021748201921582222, 0.0020246177446097136, -0.0044680023565888405, -0.022163506597280502, 0.004509533289819956, 0.040810756385326385, -0.029791297391057014, 0.019228676334023476, -0.00777314743027091, 0.011227110400795937, 0.009309780783951283, 0.018937962129712105, 0.0063126543536782265, -0.0015002936124801636, -0.02785320207476616, 0.018591873347759247, 0.02948674000799656, 0.02231578715145588, -0.004717186093330383, 0.021692827343940735, -0.008506854996085167, -0.010396498255431652, -0.0067833345383405685, 0.009115970693528652, -0.0031926664523780346, 0.03278150409460068, 0.04767715185880661, -0.009808148257434368, -0.01972704380750656, 0.0017875471385195851, -0.03646388277411461, -0.017622826620936394, -0.015643199905753136, -0.002318792976438999, -0.026275038719177246, -0.022274255752563477, -0.013988897204399109, -0.01716598868370056, 0.028005480766296387, -0.005585868377238512, 0.019643982872366905, 0.005167101044207811, -0.0068629346787929535, 0.007330154534429312, 0.02036384679377079, -0.004305340815335512, 0.007565494626760483, -0.008250749669969082, -0.032006263732910156, 0.005662007723003626, 0.0015755678759887815, -0.007046361919492483, 0.015518608503043652, -0.0007817273726686835, -0.03865116462111473, 0.004308801610022783, 0.0035474069882184267, -0.009614338167011738, 0.008146923035383224, -0.004156522918492556, -0.05116572231054306, 0.010528012178838253, -0.016113881021738052, -0.019491704180836678, 0.05183021351695061, -0.015089458785951138, 0.030345039442181587, -0.029209868982434273, -0.000997600145637989, 0.01722136326134205, 0.00997427012771368, -0.0014527065213769674, -0.0006545398500747979, -0.020834527909755707, -0.026787249371409416, 0.013365937396883965, -0.006281506270170212, 0.009939661249518394, 0.021111398935317993, -0.018910275772213936, 0.007925426587462425, 0.0065272292122244835, -0.00864529050886631, -0.01626615971326828, 0.014341907575726509, -0.018785683438181877, 0.01866109110414982, -0.007973878644406796, 0.03845735266804695, -0.02570745348930359, 0.0026648815255612135, 0.02507065050303936, 0.008915239945054054, 0.024544596672058105, -0.02538905292749405, 0.0018463821616023779, -0.025735139846801758, 0.01953323557972908, -0.03148020803928375, 0.023686297237873077, -4.934464959660545e-05, 0.03308606147766113, 0.023672454059123993, -0.01870262250304222, -0.00962125975638628, -0.007281702011823654, 0.0006277179927565157, 0.010839492082595825, 0.005949261132627726, -0.013248267583549023, 0.022869527339935303, 0.021208303049206734, -0.009828913025557995, 0.02173435688018799, 0.0003196992620360106, -0.01194005273282528, 0.016736838966608047, 0.01306138001382351, 0.011483216658234596, 0.006814482621848583, -0.0573122538626194, -0.014189627952873707, -0.007212484255433083, 0.011116362176835537, 0.011926209554076195, -0.01432806346565485, 0.023769358173012733, 0.03458116203546524, -0.00022971624275669456, 0.03294762596487999, 0.009482825174927711, 0.03372286260128021, 0.0419459268450737, 0.009995035827159882, 0.006039244122803211, -0.001301292795687914, 0.00522593641653657, 0.025278303772211075, 0.015352485701441765, -0.025222929194569588, -0.005686234217137098, 0.00805001799017191, 0.008036174811422825, -0.011372468434274197, -0.005637781694531441, 0.02180357463657856, 0.0008137405966408551, 0.00894984882324934, -0.00024918370763771236, 0.019297894090414047, 0.012895257212221622, 0.006489159539341927, 0.00394540885463357, -0.0028673431370407343, -0.013255189172923565, 0.008589916862547398, 0.0035404853988438845, -0.026371942833065987, -0.017429016530513763, 0.013282876461744308, -0.017055241391062737, 0.003997322171926498, -0.010528012178838253, -0.0010789309162646532, 0.006143070757389069, 0.009067518636584282, 0.015726260840892792, -0.0075239636935293674, -0.011344781145453453, 0.01014731451869011, 0.01503408420830965, -0.033667489886283875, -0.022495752200484276, 0.007932348176836967, 0.009732008911669254, -0.011379390023648739, -0.0001079904250218533, -0.0014423237880691886, 0.00348165025934577, 0.006752186454832554, 0.021305207163095474, -0.004845238756388426, 0.0037654428742825985, -0.013359015807509422, -0.010922553017735481, 7.732914673397318e-05, 0.020405378192663193, 0.012078488245606422, 0.013504372909665108, -0.018578030169010162, 0.012092332355678082, 0.014660309068858624, -0.00040319308754988015, 0.005014822352677584, 0.001853303867392242, 0.03903878107666969, 0.0018619560869410634, -0.022938745096325874, -0.030538849532604218, -0.031618643552064896, -0.01441112533211708, -0.026330413296818733, 0.020571500062942505, 0.014729526825249195, 0.009821991436183453, 0.012383046559989452, -0.01357359066605568, -0.012770665809512138, -0.00447492441162467, 0.005139414221048355, -0.02448922209441662, 0.003334562759846449, -0.01310983207076788, 0.009911974892020226, 0.029320618137717247, 0.05005824193358421, -0.0027790905442088842, -0.00802233163267374, -0.0039800177328288555, -0.036713067442178726, -0.012016193009912968, -0.044133204966783524, 0.012722212821245193, 0.015795478597283363, -0.00772469537332654, -0.024599971249699593, 0.024959903210401535, 0.005153257865458727, 0.003178822807967663, 0.030428100377321243, -0.004031931050121784, 0.020516125485301018, -0.009669712744653225, -0.006060009356588125, 0.0015374982031062245, -0.012604543007910252, -0.005423206835985184, 0.020419221371412277, 0.025098338723182678, 0.00782852154225111, -0.01616925373673439, 0.024406161159276962, 0.011490138247609138, 0.011905443854629993, 9.474172838963568e-05, -0.007198640611022711, 0.039371028542518616, 0.002656229306012392, 0.0035923984833061695, -0.028960686177015305, 0.027867045253515244, 0.008001565933227539, 0.0065895249135792255, -0.010590308345854282, -0.0039592524990439415, 0.01554629486054182, 0.00417728815227747, 0.00073240976780653, -0.006897543556988239, 0.031424835324287415, -0.037986673414707184, 0.0012571664992719889, 0.04352409020066261, -0.009275171905755997, -0.007115579675883055, 0.04377327486872673, 0.0016473812283948064, -0.009946583770215511, -0.012403811328113079, 0.011199424043297768, -0.004917917773127556, 0.021748201921582222, 0.011088675819337368, 0.008811413310468197, -0.06035783514380455, -0.025444425642490387, 0.00166901177726686, -0.005315919406712055, -0.012722212821245193, -0.03153558447957039, -0.0018463821616023779, 0.005655086133629084, -0.024129290133714676, -0.0064130197279155254, 0.02209428884088993, 0.010188844986259937, -0.05468198284506798, -0.0039800177328288555, 0.005212092772126198, 0.013359015807509422, 0.021305207163095474, 0.009607416577637196, 0.0258735753595829, 0.025153711438179016, -0.001035669818520546, -0.0070152138359844685, -0.013684338890016079, 0.002445115242153406, -0.03992477059364319, 0.0011446877615526319, -0.005717381834983826, -0.012701448053121567, -0.01882721483707428, -0.03300299867987633, 0.01879952661693096, -0.019768575206398964, 0.009240563027560711, -0.005527033470571041, 0.00708443159237504, 0.0011983314761891961, 0.017249051481485367, 0.014051193371415138, -0.0002571870281826705, 0.007932348176836967, -0.026081228628754616, 0.011926209554076195, -0.024959903210401535, -0.028379255905747414, 0.006194984074681997, 0.03297531232237816, 0.0021267137490212917, -0.008735273964703083, -0.0024174281861633062, 0.01892411895096302, -0.01441112533211708, -0.005291692912578583, -0.0026891075540333986, 0.007883896119892597, -0.009676634334027767, 0.0035127983428537846, 0.011005613952875137, 0.021402113139629364, 0.016030820086598396, 0.0007674512453377247, -0.00539551954716444, 0.014701839536428452, -0.03233850747346878, 0.028379255905747414, -0.007267858367413282, -0.026787249371409416, 0.027133338153362274, -0.026496535167098045, -0.017553608864545822, -0.007350919768214226, 0.005527033470571041, -0.005468198098242283, 0.012659917585551739, -0.010133471339941025, -0.03480266034603119, -0.03762673959136009, -0.01828731596469879, -0.0015305763809010386, 0.007551650982350111, -0.02360323630273342, 0.010811804793775082, -0.014563404023647308, 0.012763744220137596, 0.009365154430270195, -0.00615691440179944, 0.02904374711215496, -0.03361211344599724, -0.015047927387058735, -0.014286532998085022, -0.01423115935176611, 0.03806973621249199, -0.0004771695239469409, 0.01063183881342411, -0.032421570271253586, 0.00475525576621294, -0.018384220078587532, -0.023174086585640907, -0.01461877766996622, -0.01706908456981182, 0.030012793838977814, 0.025624392554163933, 0.010424185544252396, 0.009821991436183453, 0.010583385825157166, -0.003696225117892027, 0.01706908456981182, -0.0042153578251600266, 0.023672454059123993, -0.013940444216132164, 0.007793913129717112, -0.025430582463741302, -0.02192816697061062, 0.014812587760388851, -0.003253231756389141, 0.002941752318292856, 0.00573814706876874, 0.024295412003993988, -0.032421570271253586, -0.01432806346565485, -0.017152145504951477, -0.03499646857380867, 0.004360714927315712, 0.005312458612024784, -0.02046075277030468, 0.013282876461744308, -0.034304291009902954, 0.002715064212679863, 0.01054877694696188, 0.014701839536428452, 0.013296719640493393, 0.012168471701443195, 0.013670495711266994, -0.02280030958354473, 0.04280422627925873, 0.01985163614153862, -0.004499150440096855, -0.011697791516780853, -0.023257147520780563, -0.023713983595371246, -0.02145748771727085, 0.00824382808059454, 0.014258845709264278, -0.01783047989010811, -0.011635495349764824, -0.006368028465658426, -0.017013709992170334, 0.027770141139626503, -0.01069413498044014, 0.0038415822200477123, -0.0007397641893476248, -0.00275313388556242, -0.0018809909233823419, -0.03089878149330616, -0.019671671092510223, -0.00045121286530047655, -0.002149209612980485, -0.01410656701773405, 0.009489746764302254, 0.019907010719180107, -0.008119235746562481, -0.02360323630273342, 0.005308997351676226, -0.010721821337938309, 0.03973095864057541, 0.007849287241697311, 0.035494837909936905, 0.03635313734412193, 0.003239388344809413, -0.0275071132928133, -0.0055374158546328545, -0.012092332355678082, -0.003997322171926498, 0.027867045253515244, 0.026053542271256447, 0.013774322345852852, 0.0018619560869410634, -0.01792738400399685, 0.005630859639495611, -0.019353268668055534, -0.018384220078587532, 0.025112181901931763, 0.0007021270575933158, 0.01741517335176468, -0.03089878149330616, -0.01587853953242302, -0.016376907005906105, 0.0265795961022377, -0.009939661249518394, -0.00946205947548151, 0.013622043654322624, -0.032255448400974274, -0.004073461517691612, 0.024156976491212845, -0.013345172628760338, 0.005333223845809698, 0.0063334195874631405, 0.00604270538315177, 0.0007851882837712765, 0.008209219202399254, -0.01485411822795868, 0.0068006389774382114, 0.016667621210217476, -0.008236906491219997, 0.006772951688617468, -0.005637781694531441, 0.004277653992176056, 0.036768440157175064, -0.016349220648407936, 0.015864696353673935, -0.007607025094330311, 0.024226194247603416, 0.021471330896019936, -6.0944021242903545e-05, 0.010687212459743023, -0.01616925373673439, -0.001839460339397192, -0.009295936673879623, -0.008576072752475739, -0.023326365277171135, -0.02577667124569416, -0.018398065119981766, 0.03352905437350273, 0.027285616844892502, -0.022855684161186218, -0.02714718133211136, 0.0071501885540783405, 0.022260412573814392, -0.012846805155277252, -0.009738930501043797, 0.00644416781142354, -0.021139085292816162, -0.015712417662143707, 0.00604270538315177, -0.014812587760388851, 0.022689562290906906, 0.02196969836950302, 0.026371942833065987, -0.020986806601285934, 0.014466498978435993, -0.04050619900226593, 0.01665377803146839, -0.001570376567542553, 0.011683947406709194, -0.024503065273165703, 0.013317485339939594, -0.010382655076682568, -0.021595921367406845, 0.008271515369415283, 0.00027038162807002664, -0.04280422627925873, -0.023284833878278732, 0.01629384607076645, 0.017249051481485367, 0.005928495898842812, -0.0016880466137081385, 0.016889119520783424, 0.02433694340288639, 0.0027912037912756205, 0.021083710715174675, 0.004720646888017654, 0.004634125158190727, -0.03928796574473381, -0.0035577898379415274, -0.012341516092419624, 0.002940021688118577, 0.018051976338028908, -0.011815461330115795, 0.01819041185081005, -0.00028530671261250973, -0.021858949214220047, -0.01200927048921585, 0.005530494265258312, 0.021139085292816162, -0.01965782605111599, -0.006845630239695311, -0.025915106758475304, -0.024613814428448677, -0.0005935417721047997, 0.010057331994175911, 0.005232858005911112, -0.009648947045207024, -0.0031961272470653057, 0.00246588047593832, -0.001658629160374403, 0.05385136976838112, -0.03236619755625725, -0.009946583770215511, -0.011946975253522396, 0.004159983713179827, -0.0428319126367569, -0.009482825174927711, -0.0251675546169281, 0.03494109585881233, 0.019090240821242332, -0.024572283029556274, -0.0286561269313097, -0.02292490191757679, -0.03253231942653656, -0.0251675546169281, -0.006831787060946226, 0.0039384872652590275, 0.0011420920491218567, -0.005495885387063026, 0.030621910467743874, 0.026814937591552734, -0.02365860901772976, 0.0242400374263525, -0.02904374711215496, 0.014023506082594395, 0.006637977436184883, 0.0025472112465649843, 0.027783984318375587, -0.00818153191357851, -0.04582211747765541, -0.007655477616935968, 0.029320618137717247, -0.0022288099862635136, -0.012168471701443195, 0.029763611033558846, 0.0014561673160642385, -0.0025247156154364347, 0.0016335377003997564, 0.02692568488419056, 0.013601277954876423, -0.008936004713177681, 0.02324330434203148, -0.015310955233871937, 0.007067127153277397, -0.007063666358590126, -0.009268250316381454, 0.012140784412622452, -0.01165626011788845, 0.021277520805597305, -0.017401330173015594, 0.007745460607111454, 0.002633733442053199, -0.004025008995085955, -0.003817356191575527, -0.009309780783951283, 0.02173435688018799, 0.011026379652321339, 0.004263810347765684, 0.02151286043226719, 0.008942926302552223, -0.02558286115527153, -0.035716332495212555, -0.00858299434185028, -0.00047154558706097305, 0.008569151163101196, 0.008804491721093655, -0.01699986681342125, 0.03150789812207222, -0.018176568672060966, 0.0016681465785950422, -0.006738342810422182, 0.013988897204399109, -0.015809321776032448, -0.013781243935227394, -0.02904374711215496, 0.008936004713177681, 0.019837792962789536, -0.020945275202393532, -0.011967740021646023, -0.012389968149363995, -0.011171736754477024, -0.0019155998015776277, -0.002356862649321556, 0.0014976980164647102, -0.017041398212313652, 0.010811804793775082, 0.01843959465622902, -0.044105518609285355, -0.00015119741146918386, 0.01680605672299862, 0.012286141514778137, -0.012708369642496109, -0.012126941233873367, 0.21762044727802277, -0.016058506444096565, 0.007586259860545397, 0.012341516092419624, -0.042665790766477585, 0.0010166349820792675, 0.026053542271256447, 0.02789473347365856, 0.001917330315336585, 0.03339061886072159, 0.00807078368961811, 0.01149705983698368, -0.002486645942553878, 0.00875603873282671, -0.003225544700399041, -0.003883112920448184, -0.01963013969361782, -0.03909415751695633, -0.006876778323203325, 0.021402113139629364, 0.017498234286904335, -0.0049352217465639114, -0.004571828991174698, -0.002775629749521613, 0.04050619900226593, 0.007454746402800083, 0.0048763868398964405, 0.018079662695527077, 0.01346284244209528, 0.013324406929314137, -0.017055241391062737, 0.022274255752563477, -0.01933942548930645, 0.004249966703355312, -0.006347263231873512, 0.004904074128717184, 0.00475525576621294, 0.004080383572727442, 0.021443642675876617, 0.026468848809599876, -0.018425751477479935, -0.03831891715526581, -0.005367832724004984, -0.01873030886054039, -0.006336880382150412, 0.016307689249515533, 0.015172519721090794, -0.015117145143449306, 0.007648555561900139, 0.02036384679377079, -0.01655687391757965, 0.027963951230049133, 0.01585085317492485, -0.0008877170039340854, -0.012168471701443195, -0.0015747026773169637, -0.006361106410622597, 0.0007319771684706211, 0.005575485527515411, 0.03851272910833359, -0.029431365430355072, 0.004904074128717184, -0.012154627591371536, 0.03588245436549187, 0.004146140068769455, 0.01687527447938919, -0.003113066079095006, -0.01074258703738451, 0.027465583756566048, -0.034691911190748215, 0.020211568102240562, 0.0015876810066401958, 0.0017010249430313706, 0.020211568102240562, -0.00292963907122612, -0.00368584250099957, -0.011974661611020565, 0.03308606147766113, 0.03375054895877838, 0.03743293136358261, -0.012223845347762108, -0.0011360355420038104, -0.014867961406707764, 0.01702755317091942, 0.008846022188663483, -0.021028338000178337, 0.024807622656226158, -0.02080683968961239, 0.0020384611561894417, -0.01690296269953251, -0.009261327795684338, 0.014424968510866165, -0.012569934129714966, -0.011635495349764824, -0.004910995718091726, 0.006970222108066082, 0.0022668796591460705, 0.01789969764649868, 0.001324653741903603, -0.015047927387058735, -0.00842379406094551, 0.08577457070350647, -0.000909347552806139, 0.04241660609841347, -0.011808539740741253, -0.01780279166996479, -0.02043306455016136, 0.019477861002087593, 0.0032272753305733204, 0.00574852991849184, -0.007759304251521826, -0.026842623949050903, 0.007544729392975569, -0.025375207886099815, -0.0018809909233823419, 0.02077915333211422, -3.612298678490333e-05, -0.0034729980397969484, -0.010181923396885395, -0.012805274687707424, -0.00894984882324934, -0.0048971520736813545, 0.006537611596286297, -0.0012441881699487567, -0.0008306123781949282, -0.0058662001974880695, -0.019685514271259308, -0.003872730303555727, -0.014978710561990738, -0.026884155347943306, 0.016003131866455078, -0.0043884022161364555, 0.013912757858633995, 0.01525558065623045, -0.004717186093330383, -0.03416585549712181, 0.004263810347765684, -0.026593439280986786, -0.0033778236247599125, -0.00488330889493227, -0.0025524026714265347, -0.009005222469568253, 0.014937179163098335, -0.009164423681795597, -0.013608199544250965, -0.03148020803928375, 0.01299908384680748, 0.00818153191357851, -0.015089458785951138, -0.02350633032619953, 0.004949065390974283, -0.026524221524596214, -0.00499405711889267, -0.01258377730846405, 0.03413816913962364, -0.006295349914580584, 0.01677837036550045, -0.023160241544246674, 0.00476217782124877, 0.011614729650318623, -0.044742319732904434, -0.001965782605111599, 0.016958337277173996, 0.022468065842986107, -0.018494969233870506, -0.028379255905747414, -0.17719730734825134, 0.0258735753595829, 0.014258845709264278, -0.009489746764302254, -0.006191523279994726, 0.01224461104720831, -0.014480343088507652, 0.013532060198485851, 0.008769882842898369, -0.01096408348530531, 0.03167401999235153, -0.020322317257523537, -0.023644765838980675, -0.0017529382603242993, 0.00348684168420732, -0.01978241838514805, -0.023700140416622162, 0.04258272796869278, 0.017650512978434563, -0.00667604710906744, 0.007281702011823654, -0.02709180675446987, -0.01038957666605711, -0.012742978520691395, -0.01812119409441948, -0.0284346304833889, -0.0037965907249599695, 0.026455005630850792, -0.007136344909667969, 0.0022876448929309845, -0.009828913025557995, -0.0007743730093352497, 0.025665922090411186, 0.023617079481482506, -0.010202689096331596, -0.008804491721093655, -0.012258454225957394, -0.02109755389392376, -0.006001174449920654, 0.021845106035470963, 0.03048347495496273, 0.00829228013753891, -1.9602668544393964e-05, 0.012189236469566822, -0.000247020652750507, 0.021139085292816162, 0.03519027680158615, -0.007233249489217997, -0.00458567263558507, -0.01461877766996622, -0.0027773601468652487, -0.013981975615024567, 0.01412041112780571, 0.021720513701438904, -0.006302271503955126, 0.00864529050886631, -0.002469341503456235, 0.02170667052268982, -0.0048763868398964405, 0.017692044377326965, 0.011150971055030823, -0.038180481642484665, 0.0010365350171923637, 0.0002922284766100347, -0.018979493528604507, -0.03031735308468342, -0.01443881168961525, 0.030871093273162842, 0.00957280769944191, 0.01594775728881359, -0.00813307985663414, -0.022661874070763588, 0.006305732298642397, -0.007690086495131254, 0.0006623268709518015, 0.006430324167013168, -0.0059873308055102825, -0.002557594096288085, 0.013538981787860394, 0.020931432023644447, -0.010936396196484566, 0.003917721565812826, -0.02965286187827587, -0.018910275772213936, -0.009032909758388996, 0.00348684168420732, -0.01565704308450222, 0.018771840259432793, 0.034498102962970734, 0.013227502815425396, -0.003678920678794384, -0.0358547680079937, -0.010604151524603367, -0.021720513701438904, -0.004869465250521898, 0.029597489163279533, -0.0010244220029562712, 0.005032126791775227, 0.001154205179773271, -0.0006004635361023247, 0.0014302106574177742, -0.005447432864457369, -0.000988082611002028, 0.020086975768208504, 0.01514483243227005, 0.0002442086988594383, -0.011393233202397823, 0.009157502092421055, 0.029514426365494728, -0.01670915260910988, -0.024835310876369476, 0.008700665086507797, 0.01933942548930645, 0.015435546636581421, -0.0011031570611521602, 0.015241737477481365, 0.00383466063067317, -0.0020003914833068848, 0.02155439183115959, -0.004627203103154898, 0.03665769472718239, -0.0065687596797943115, -0.0052224756218492985, -0.026233507320284843, -0.016376907005906105, 0.008209219202399254, -0.09729240089654922, -0.017041398212313652, 0.002033269964158535, 0.002863882342353463, -0.015726260840892792, -0.012099253945052624, 0.011628573760390282, -0.007281702011823654, 0.012216923758387566, 0.01381585281342268, -0.022205037996172905, -0.01474337000399828, -0.008811413310468197, -0.018481126055121422, -0.0005256219301372766, -0.0069979093968868256, 0.005835052113980055, -0.008832178078591824, 0.005862738937139511, 0.015573982149362564, -0.011711634695529938, -0.02602585405111313, -0.013407468795776367, -0.01963013969361782, -0.01799660176038742, 0.011649338528513908, -0.014341907575726509, -0.01405811496078968, 0.002015965525060892, -0.014964866451919079, -0.031231025233864784, -0.019297894090414047, -0.01275682169944048, -0.0007042901124805212, -0.004208436235785484, -0.009254406206309795, -0.01202311459928751, -0.021817419677972794, 0.0002928774047177285, -0.0020592266228049994, -0.0016681465785950422, 0.013262110762298107, -0.006018478889018297, -0.026593439280986786, -0.002159592229872942, -0.006464933045208454, -0.012327671982347965, 0.013919679448008537, -0.004831395577639341, -0.00952435564249754, -0.013448999263346195, -0.025250617414712906, -0.005357449874281883, -0.019643982872366905, -0.0007215944933705032, -0.014071958139538765, 0.013732791878283024, 0.0016620899550616741, -0.02075146697461605, 0.0044057066552340984, -0.006153453607112169, 0.01191236637532711, -0.0331137478351593, 0.02926524356007576, 0.03112027794122696, 0.02029462903738022, -0.0069563789293169975, -0.026399631053209305, -0.005617016460746527, -0.01748439110815525, -0.02129136398434639, 0.016321534290909767, -0.02228809893131256, 0.012362280860543251, -0.02187279239296913, -0.04560061916708946, 0.005938878748565912, -0.0022495752200484276, 0.0013921409845352173, -0.0037377558182924986, 0.009787382557988167, -0.009552042931318283, 0.008818334899842739, -0.023810887709259987, 0.0015729721635580063, 0.01080488320440054, 0.01074258703738451, 0.011407077312469482, 0.008749117143452168, -0.05274388566613197, 0.016446124762296677, -0.00345396320335567, 0.03402741998434067, -0.006790256127715111, -0.0035785550717264414, -0.005232858005911112, -0.01751207746565342, 0.0021163311321288347, 0.008942926302552223, 0.02648269198834896, -0.008666056208312511, 0.017692044377326965, -0.07010368257761002, 0.009344389662146568, -0.014141175895929337, 0.008742195554077625, 0.0024312715977430344, -0.02250959537923336, -0.012798352167010307, -0.010403419844806194, 0.017553608864545822, 0.04297034814953804, -0.029514426365494728, 0.04119837284088135, -0.005790060386061668, 0.03112027794122696, -0.0312587134540081, 0.0033795542549341917, 0.00886678695678711, -0.03316912055015564, 0.00910904910415411, 0.015837009996175766, -0.0073647634126245975, 0.002754864515736699, 0.023686297237873077, -0.002074800431728363, 0.0006052222452126443, 0.0258735753595829, -0.021319052204489708, 0.029126808047294617, -0.0011966009624302387, -0.018065819516777992, 0.019256364554166794, 0.007814678363502026, -0.004758717026561499, 0.025499800220131874, -0.014300377108156681, -0.0026856467593461275, 0.004571828991174698, 0.019519390538334846, 0.025499800220131874, 0.004983674269169569, -0.0063749500550329685, -0.03698993846774101, -0.010811804793775082, -0.024807622656226158, -0.009801226668059826, 0.02119445987045765, -0.0288776233792305, -0.0001888345432234928, 0.012327671982347965, 0.004097688011825085, 0.04086612910032272, 0.0048556216061115265, -0.003184014232829213, 0.005776217207312584, 0.01365665253251791, 0.020862214267253876, 0.020889902487397194, 0.003876191098242998, 0.018481126055121422, -0.01016808021813631, 0.032227762043476105, 0.007247093133628368, 0.030981842428445816, 0.01668146625161171, -0.004841777961701155, -0.0004788999503944069, -0.03984170779585838, 0.0044887675903737545, -0.01090178731828928, -0.016321534290909767, -0.021402113139629364, 0.0006004635361023247, -0.016058506444096565, 0.02148517407476902, -0.001096235355362296, 0.013033692725002766, -0.017941227182745934, 0.016349220648407936, -0.016944492235779762, 0.020931432023644447, 0.013435155153274536, -0.009032909758388996, -0.029929732903838158, 0.02126367762684822, 0.00910904910415411, 0.0025264460127800703, -0.0023758974857628345, 0.003293032059445977, -0.010514169000089169, -0.0019467477686703205, -0.013822774402797222, 0.006447628606110811, 0.01485411822795868, 0.004928300157189369, 0.02606738545000553, -0.0026406552642583847, 0.0049352217465639114, 0.010119627229869366, 0.042471978813409805, 0.004734490532428026, 0.007710851728916168, 0.006582603324204683, -0.017539765685796738, -0.006665664259344339, -0.023007962852716446, 0.027327148243784904, -0.02029462903738022, -0.00354221579618752, 0.017304424196481705, 0.026981059461832047, -0.0024468456394970417, -0.02084837108850479, 0.03723912313580513, 0.02170667052268982, -0.02043306455016136, 0.012749900110065937, -0.017982758581638336, 0.005841973703354597, -0.01933942548930645, 0.01684758812189102, -0.0032549623865634203, -0.0359378308057785, 0.01665377803146839, -0.026648813858628273, 0.011282484978437424, 0.018398065119981766, 0.01994854025542736, -0.0354117751121521, 0.025472113862633705, -0.029625175520777702, -0.011379390023648739, -0.018038133159279823, 0.016418438404798508, -0.007475511636584997, -0.009088284336030483, -0.008188453502953053, 0.016861431300640106, 0.02404622919857502, 0.005201709922403097, 0.0862729400396347, 0.0429149754345417, -0.00829228013753891, -0.0035681724548339844, 0.013248267583549023, 0.010348046198487282, -0.00013475821469910443, -0.0068040997721254826, -0.010922553017735481, -0.01982394978404045, 0.007343997713178396, -0.002837925683706999, 0.006779873743653297, -0.025319835171103477, -0.02497374638915062, -0.0018688779091462493, 0.002064417814835906, 0.0006900139269419014, 0.013165206648409367, -0.03438735380768776, 0.016861431300640106, -0.022038916125893593, 0.016224628314375877, -0.010604151524603367, -0.02500143274664879, -0.005523572210222483, 0.02711949497461319, -0.022426534444093704, -0.031147964298725128, -0.02968055009841919, 0.019450172781944275, 0.016210785135626793, -0.007620868738740683, -0.013781243935227394, -0.009669712744653225, -0.012985240668058395, -0.0026077767834067345, -0.0004564042028505355, 0.0010105783585458994, 0.01610003598034382, 0.017885852605104446, -0.013476685620844364, -0.020225411280989647, -0.032836876809597015, -0.011324015446007252, -0.008416872471570969, 0.011981584131717682, -0.009344389662146568, -0.025112181901931763]"
